{
    "execution times": [
        95.76736307144165,
        44.463812828063965,
        58.726394176483154,
        48.45020794868469,
        61.70326900482178
    ],
    "avg execution time": 61.822209405899045,
    "tf-idf_qr": [
        "[[0.02489905 0.02489905 0.         ... 0.         0.02489905 0.        ]\n [0.02443763 0.02443763 0.01444657 ... 0.         0.02443763 0.        ]\n [0.02239167 0.02239167 0.03971123 ... 0.03147071 0.02239167 0.        ]\n [0.01928515 0.01928515 0.03420187 ... 0.0406569  0.01928515 0.        ]\n [0.02122229 0.02122229 0.02509157 ... 0.02982719 0.10611146 0.10392051]]",
        "[[0.02489905 0.02489905 0.         ... 0.         0.02489905 0.        ]\n [0.02443763 0.02443763 0.01444657 ... 0.         0.02443763 0.        ]\n [0.02239167 0.02239167 0.03971123 ... 0.03147071 0.02239167 0.        ]\n [0.01928515 0.01928515 0.03420187 ... 0.0406569  0.01928515 0.        ]\n [0.02122229 0.02122229 0.02509157 ... 0.02982719 0.10611146 0.10392051]]",
        "[[0.02489905 0.02489905 0.         ... 0.         0.02489905 0.        ]\n [0.02443763 0.02443763 0.01444657 ... 0.         0.02443763 0.        ]\n [0.02239167 0.02239167 0.03971123 ... 0.03147071 0.02239167 0.        ]\n [0.01928515 0.01928515 0.03420187 ... 0.0406569  0.01928515 0.        ]\n [0.02122229 0.02122229 0.02509157 ... 0.02982719 0.10611146 0.10392051]]",
        "[[0.02489905 0.02489905 0.         ... 0.         0.02489905 0.        ]\n [0.02443763 0.02443763 0.01444657 ... 0.         0.02443763 0.        ]\n [0.02239167 0.02239167 0.03971123 ... 0.03147071 0.02239167 0.        ]\n [0.01928515 0.01928515 0.03420187 ... 0.0406569  0.01928515 0.        ]\n [0.02122229 0.02122229 0.02509157 ... 0.02982719 0.10611146 0.10392051]]",
        "[[0.02489905 0.02489905 0.         ... 0.         0.02489905 0.        ]\n [0.02443763 0.02443763 0.01444657 ... 0.         0.02443763 0.        ]\n [0.02239167 0.02239167 0.03971123 ... 0.03147071 0.02239167 0.        ]\n [0.01928515 0.01928515 0.03420187 ... 0.0406569  0.01928515 0.        ]\n [0.02122229 0.02122229 0.02509157 ... 0.02982719 0.10611146 0.10392051]]"
    ],
    "tf-idf_qc": [
        0,
        0,
        0,
        0,
        0
    ],
    "tf-idf_rc": [
        0,
        0,
        0,
        0,
        0
    ],
    "rougeL": 0.10277563157283565,
    "bleu": 0.02068125124464577
}