{
    "execution times": [
        11.357435464859009,
        5.986557960510254,
        8.139192342758179,
        7.191619396209717,
        12.143527030944824
    ],
    "avg execution time": 8.963666439056396,
    "tf-idf_qr": [
        "[[0.         0.         0.         ... 0.         0.         0.        ]\n [0.19591249 0.19591249 0.09795624 ... 0.         0.         0.        ]\n [0.         0.         0.         ... 0.1862181  0.05770313 0.05770313]\n [0.         0.         0.         ... 0.         0.         0.        ]\n [0.         0.         0.         ... 0.1069658  0.         0.        ]]",
        "[[0.         0.         0.         ... 0.         0.         0.        ]\n [0.19591249 0.19591249 0.09795624 ... 0.         0.         0.        ]\n [0.         0.         0.         ... 0.1862181  0.05770313 0.05770313]\n [0.         0.         0.         ... 0.         0.         0.        ]\n [0.         0.         0.         ... 0.1069658  0.         0.        ]]",
        "[[0.         0.         0.         ... 0.         0.         0.        ]\n [0.19591249 0.19591249 0.09795624 ... 0.         0.         0.        ]\n [0.         0.         0.         ... 0.1862181  0.05770313 0.05770313]\n [0.         0.         0.         ... 0.         0.         0.        ]\n [0.         0.         0.         ... 0.1069658  0.         0.        ]]",
        "[[0.         0.         0.         ... 0.         0.         0.        ]\n [0.19591249 0.19591249 0.09795624 ... 0.         0.         0.        ]\n [0.         0.         0.         ... 0.1862181  0.05770313 0.05770313]\n [0.         0.         0.         ... 0.         0.         0.        ]\n [0.         0.         0.         ... 0.1069658  0.         0.        ]]",
        "[[0.         0.         0.         ... 0.         0.         0.        ]\n [0.19591249 0.19591249 0.09795624 ... 0.         0.         0.        ]\n [0.         0.         0.         ... 0.1862181  0.05770313 0.05770313]\n [0.         0.         0.         ... 0.         0.         0.        ]\n [0.         0.         0.         ... 0.1069658  0.         0.        ]]"
    ],
    "tf-idf_qc": [
        0,
        0,
        0,
        0,
        0
    ],
    "tf-idf_rc": [
        0,
        0,
        0,
        0,
        0
    ],
    "rougeL": 0.042876947621962466
}