{
    "execution times": [
        12.948554754257202,
        18.304523468017578,
        14.290953636169434,
        13.261796712875366,
        27.010199308395386
    ],
    "avg execution time": 17.163205575942992,
    "tf-idf_qr": [
        "[[0.         0.         0.         ... 0.         0.         0.        ]\n [0.         0.         0.         ... 0.         0.         0.        ]\n [0.08801137 0.08801137 0.         ... 0.03550351 0.         0.        ]\n [0.         0.         0.04359671 ... 0.         0.         0.        ]\n [0.         0.         0.         ... 0.02289518 0.02837798 0.02837798]]",
        "[[0.         0.         0.         ... 0.         0.         0.        ]\n [0.         0.         0.         ... 0.         0.         0.        ]\n [0.08801137 0.08801137 0.         ... 0.03550351 0.         0.        ]\n [0.         0.         0.04359671 ... 0.         0.         0.        ]\n [0.         0.         0.         ... 0.02289518 0.02837798 0.02837798]]",
        "[[0.         0.         0.         ... 0.         0.         0.        ]\n [0.         0.         0.         ... 0.         0.         0.        ]\n [0.08801137 0.08801137 0.         ... 0.03550351 0.         0.        ]\n [0.         0.         0.04359671 ... 0.         0.         0.        ]\n [0.         0.         0.         ... 0.02289518 0.02837798 0.02837798]]",
        "[[0.         0.         0.         ... 0.         0.         0.        ]\n [0.         0.         0.         ... 0.         0.         0.        ]\n [0.08801137 0.08801137 0.         ... 0.03550351 0.         0.        ]\n [0.         0.         0.04359671 ... 0.         0.         0.        ]\n [0.         0.         0.         ... 0.02289518 0.02837798 0.02837798]]",
        "[[0.         0.         0.         ... 0.         0.         0.        ]\n [0.         0.         0.         ... 0.         0.         0.        ]\n [0.08801137 0.08801137 0.         ... 0.03550351 0.         0.        ]\n [0.         0.         0.04359671 ... 0.         0.         0.        ]\n [0.         0.         0.         ... 0.02289518 0.02837798 0.02837798]]"
    ],
    "tf-idf_qc": [
        0,
        0,
        0,
        0,
        0
    ],
    "tf-idf_rc": [
        0,
        0,
        0,
        0,
        0
    ],
    "rougeL": 0.13336036187321718,
    "bleu": 0.023094776430164395
}