{
    "execution times": [
        18.98308277130127,
        18.457318544387817,
        15.603686094284058,
        15.548665285110474,
        15.114200830459595
    ],
    "avg execution time": 16.741390705108643,
    "tf-idf_qr": [
        "[[0.02527449 0.         0.         ... 0.         0.         0.2527449 ]\n [0.         0.         0.         ... 0.09977913 0.24040547 0.        ]\n [0.         0.         0.         ... 0.12154041 0.         0.        ]\n [0.         0.         0.         ... 0.         0.         0.        ]\n [0.         0.05803495 0.05803495 ... 0.03886668 0.04682223 0.        ]]",
        "[[0.02527449 0.         0.         ... 0.         0.         0.2527449 ]\n [0.         0.         0.         ... 0.09977913 0.24040547 0.        ]\n [0.         0.         0.         ... 0.12154041 0.         0.        ]\n [0.         0.         0.         ... 0.         0.         0.        ]\n [0.         0.05803495 0.05803495 ... 0.03886668 0.04682223 0.        ]]",
        "[[0.02527449 0.         0.         ... 0.         0.         0.2527449 ]\n [0.         0.         0.         ... 0.09977913 0.24040547 0.        ]\n [0.         0.         0.         ... 0.12154041 0.         0.        ]\n [0.         0.         0.         ... 0.         0.         0.        ]\n [0.         0.05803495 0.05803495 ... 0.03886668 0.04682223 0.        ]]",
        "[[0.02527449 0.         0.         ... 0.         0.         0.2527449 ]\n [0.         0.         0.         ... 0.09977913 0.24040547 0.        ]\n [0.         0.         0.         ... 0.12154041 0.         0.        ]\n [0.         0.         0.         ... 0.         0.         0.        ]\n [0.         0.05803495 0.05803495 ... 0.03886668 0.04682223 0.        ]]",
        "[[0.02527449 0.         0.         ... 0.         0.         0.2527449 ]\n [0.         0.         0.         ... 0.09977913 0.24040547 0.        ]\n [0.         0.         0.         ... 0.12154041 0.         0.        ]\n [0.         0.         0.         ... 0.         0.         0.        ]\n [0.         0.05803495 0.05803495 ... 0.03886668 0.04682223 0.        ]]"
    ],
    "tf-idf_qc": [
        0,
        0,
        0,
        0,
        0
    ],
    "tf-idf_rc": [
        0,
        0,
        0,
        0,
        0
    ],
    "rougeL": 0.07488436026296214
}