{
    "execution times": [
        49.73602342605591,
        36.59530162811279,
        44.51319646835327,
        18.335285425186157,
        47.15344762802124
    ],
    "avg execution time": 39.266650915145874,
    "tf-idf_qr": [
        "[[0.         0.         0.         ... 0.         0.01133534 0.        ]\n [0.         0.         0.         ... 0.         0.01042381 0.        ]\n [0.02924276 0.         0.         ... 0.02359287 0.11147464 0.        ]\n [0.         0.         0.         ... 0.         0.02389093 0.        ]\n [0.         0.03034185 0.03034185 ... 0.02447961 0.10120637 0.0606837 ]]",
        "[[0.         0.         0.         ... 0.         0.01133534 0.        ]\n [0.         0.         0.         ... 0.         0.01042381 0.        ]\n [0.02924276 0.         0.         ... 0.02359287 0.11147464 0.        ]\n [0.         0.         0.         ... 0.         0.02389093 0.        ]\n [0.         0.03034185 0.03034185 ... 0.02447961 0.10120637 0.0606837 ]]",
        "[[0.         0.         0.         ... 0.         0.01133534 0.        ]\n [0.         0.         0.         ... 0.         0.01042381 0.        ]\n [0.02924276 0.         0.         ... 0.02359287 0.11147464 0.        ]\n [0.         0.         0.         ... 0.         0.02389093 0.        ]\n [0.         0.03034185 0.03034185 ... 0.02447961 0.10120637 0.0606837 ]]",
        "[[0.         0.         0.         ... 0.         0.01133534 0.        ]\n [0.         0.         0.         ... 0.         0.01042381 0.        ]\n [0.02924276 0.         0.         ... 0.02359287 0.11147464 0.        ]\n [0.         0.         0.         ... 0.         0.02389093 0.        ]\n [0.         0.03034185 0.03034185 ... 0.02447961 0.10120637 0.0606837 ]]",
        "[[0.         0.         0.         ... 0.         0.01133534 0.        ]\n [0.         0.         0.         ... 0.         0.01042381 0.        ]\n [0.02924276 0.         0.         ... 0.02359287 0.11147464 0.        ]\n [0.         0.         0.         ... 0.         0.02389093 0.        ]\n [0.         0.03034185 0.03034185 ... 0.02447961 0.10120637 0.0606837 ]]"
    ],
    "tf-idf_qc": [
        0,
        0,
        0,
        0,
        0
    ],
    "tf-idf_rc": [
        0,
        0,
        0,
        0,
        0
    ],
    "rougeL": 0.1823403091735083,
    "bleu": 0.052000842395848436
}