{
    "execution times": [
        30.092729091644287,
        29.677164793014526,
        34.44232726097107,
        48.24318337440491,
        49.771199226379395
    ],
    "avg execution time": 38.445320749282835,
    "tf-idf_qr": [
        "[[0.         0.         0.         ... 0.         0.         0.        ]\n [0.         0.         0.         ... 0.03585732 0.         0.        ]\n [0.         0.18656271 0.         ... 0.         0.         0.        ]\n [0.         0.         0.         ... 0.01914795 0.05718265 0.        ]\n [0.03370052 0.         0.06740104 ... 0.02256963 0.         0.03370052]]",
        "[[0.         0.         0.         ... 0.         0.         0.        ]\n [0.         0.         0.         ... 0.03585732 0.         0.        ]\n [0.         0.18656271 0.         ... 0.         0.         0.        ]\n [0.         0.         0.         ... 0.01914795 0.05718265 0.        ]\n [0.03370052 0.         0.06740104 ... 0.02256963 0.         0.03370052]]",
        "[[0.         0.         0.         ... 0.         0.         0.        ]\n [0.         0.         0.         ... 0.03585732 0.         0.        ]\n [0.         0.18656271 0.         ... 0.         0.         0.        ]\n [0.         0.         0.         ... 0.01914795 0.05718265 0.        ]\n [0.03370052 0.         0.06740104 ... 0.02256963 0.         0.03370052]]",
        "[[0.         0.         0.         ... 0.         0.         0.        ]\n [0.         0.         0.         ... 0.03585732 0.         0.        ]\n [0.         0.18656271 0.         ... 0.         0.         0.        ]\n [0.         0.         0.         ... 0.01914795 0.05718265 0.        ]\n [0.03370052 0.         0.06740104 ... 0.02256963 0.         0.03370052]]",
        "[[0.         0.         0.         ... 0.         0.         0.        ]\n [0.         0.         0.         ... 0.03585732 0.         0.        ]\n [0.         0.18656271 0.         ... 0.         0.         0.        ]\n [0.         0.         0.         ... 0.01914795 0.05718265 0.        ]\n [0.03370052 0.         0.06740104 ... 0.02256963 0.         0.03370052]]"
    ],
    "tf-idf_qc": [
        0,
        0,
        0,
        0,
        0
    ],
    "tf-idf_rc": [
        0,
        0,
        0,
        0,
        0
    ],
    "rougeL": 0.11752461159237985,
    "bleu": 0.009617776066874016
}