{
    "execution times": [
        8.322608470916748,
        7.867128610610962,
        1.913194179534912,
        1.1173937320709229,
        6.447500944137573
    ],
    "avg execution time": 5.133565187454224,
    "tf-idf_qr": [
        "[[0.         0.         0.         ... 0.         0.05196968 0.        ]\n [0.         0.         0.         ... 0.         0.09127816 0.        ]\n [0.19804346 0.19804346 0.         ... 0.         0.         0.        ]\n [0.         0.         0.         ... 0.         0.         0.        ]\n [0.         0.         0.08578336 ... 0.08578336 0.11490024 0.17156672]]",
        "[[0.         0.         0.         ... 0.         0.05196968 0.        ]\n [0.         0.         0.         ... 0.         0.09127816 0.        ]\n [0.19804346 0.19804346 0.         ... 0.         0.         0.        ]\n [0.         0.         0.         ... 0.         0.         0.        ]\n [0.         0.         0.08578336 ... 0.08578336 0.11490024 0.17156672]]",
        "[[0.         0.         0.         ... 0.         0.05196968 0.        ]\n [0.         0.         0.         ... 0.         0.09127816 0.        ]\n [0.19804346 0.19804346 0.         ... 0.         0.         0.        ]\n [0.         0.         0.         ... 0.         0.         0.        ]\n [0.         0.         0.08578336 ... 0.08578336 0.11490024 0.17156672]]",
        "[[0.         0.         0.         ... 0.         0.05196968 0.        ]\n [0.         0.         0.         ... 0.         0.09127816 0.        ]\n [0.19804346 0.19804346 0.         ... 0.         0.         0.        ]\n [0.         0.         0.         ... 0.         0.         0.        ]\n [0.         0.         0.08578336 ... 0.08578336 0.11490024 0.17156672]]",
        "[[0.         0.         0.         ... 0.         0.05196968 0.        ]\n [0.         0.         0.         ... 0.         0.09127816 0.        ]\n [0.19804346 0.19804346 0.         ... 0.         0.         0.        ]\n [0.         0.         0.         ... 0.         0.         0.        ]\n [0.         0.         0.08578336 ... 0.08578336 0.11490024 0.17156672]]"
    ],
    "tf-idf_qc": [
        0,
        0,
        0,
        0,
        0
    ],
    "tf-idf_rc": [
        0,
        0,
        0,
        0,
        0
    ],
    "rougeL": 0.17159565305037844,
    "bleu": 0.0245656371782532
}