{
    "execution times": [
        67.3633337020874,
        55.447420835494995,
        65.8962721824646,
        81.35949277877808,
        72.92240357398987
    ],
    "avg execution time": 68.59778461456298,
    "tf-idf_qr": [
        "[[0.         0.         0.         ... 0.         0.         0.        ]\n [0.04744544 0.04744544 0.         ... 0.         0.         0.03827868]\n [0.         0.         0.03396316 ... 0.         0.         0.        ]\n [0.         0.         0.         ... 0.02606198 0.02606198 0.        ]\n [0.         0.         0.         ... 0.         0.         0.0542476 ]]",
        "[[0.         0.         0.         ... 0.         0.         0.        ]\n [0.04744544 0.04744544 0.         ... 0.         0.         0.03827868]\n [0.         0.         0.03396316 ... 0.         0.         0.        ]\n [0.         0.         0.         ... 0.02606198 0.02606198 0.        ]\n [0.         0.         0.         ... 0.         0.         0.0542476 ]]",
        "[[0.         0.         0.         ... 0.         0.         0.        ]\n [0.04744544 0.04744544 0.         ... 0.         0.         0.03827868]\n [0.         0.         0.03396316 ... 0.         0.         0.        ]\n [0.         0.         0.         ... 0.02606198 0.02606198 0.        ]\n [0.         0.         0.         ... 0.         0.         0.0542476 ]]",
        "[[0.         0.         0.         ... 0.         0.         0.        ]\n [0.04744544 0.04744544 0.         ... 0.         0.         0.03827868]\n [0.         0.         0.03396316 ... 0.         0.         0.        ]\n [0.         0.         0.         ... 0.02606198 0.02606198 0.        ]\n [0.         0.         0.         ... 0.         0.         0.0542476 ]]",
        "[[0.         0.         0.         ... 0.         0.         0.        ]\n [0.04744544 0.04744544 0.         ... 0.         0.         0.03827868]\n [0.         0.         0.03396316 ... 0.         0.         0.        ]\n [0.         0.         0.         ... 0.02606198 0.02606198 0.        ]\n [0.         0.         0.         ... 0.         0.         0.0542476 ]]"
    ],
    "tf-idf_qc": [
        0,
        0,
        0,
        0,
        0
    ],
    "tf-idf_rc": [
        0,
        0,
        0,
        0,
        0
    ],
    "rougeL": 0.12279493546827902,
    "bleu": 0.01981179489897695
}