{
    "execution times": [
        29.604045391082764,
        21.68945550918579,
        15.98054575920105,
        8.898693323135376,
        11.360256671905518
    ],
    "avg execution time": 17.506599330902098,
    "tf-idf_qr": [
        "[[0.         0.         0.         ... 0.05254312 0.         0.02180777]\n [0.         0.         0.         ... 0.02260933 0.08407103 0.01876778]\n [0.0817569  0.0817569  0.4087845  ... 0.         0.         0.        ]\n [0.         0.         0.         ... 0.         0.         0.        ]\n [0.         0.         0.         ... 0.         0.         0.05991965]]",
        "[[0.         0.         0.         ... 0.05254312 0.         0.02180777]\n [0.         0.         0.         ... 0.02260933 0.08407103 0.01876778]\n [0.0817569  0.0817569  0.4087845  ... 0.         0.         0.        ]\n [0.         0.         0.         ... 0.         0.         0.        ]\n [0.         0.         0.         ... 0.         0.         0.05991965]]",
        "[[0.         0.         0.         ... 0.05254312 0.         0.02180777]\n [0.         0.         0.         ... 0.02260933 0.08407103 0.01876778]\n [0.0817569  0.0817569  0.4087845  ... 0.         0.         0.        ]\n [0.         0.         0.         ... 0.         0.         0.        ]\n [0.         0.         0.         ... 0.         0.         0.05991965]]",
        "[[0.         0.         0.         ... 0.05254312 0.         0.02180777]\n [0.         0.         0.         ... 0.02260933 0.08407103 0.01876778]\n [0.0817569  0.0817569  0.4087845  ... 0.         0.         0.        ]\n [0.         0.         0.         ... 0.         0.         0.        ]\n [0.         0.         0.         ... 0.         0.         0.05991965]]",
        "[[0.         0.         0.         ... 0.05254312 0.         0.02180777]\n [0.         0.         0.         ... 0.02260933 0.08407103 0.01876778]\n [0.0817569  0.0817569  0.4087845  ... 0.         0.         0.        ]\n [0.         0.         0.         ... 0.         0.         0.        ]\n [0.         0.         0.         ... 0.         0.         0.05991965]]"
    ],
    "tf-idf_qc": [
        0,
        0,
        0,
        0,
        0
    ],
    "tf-idf_rc": [
        0,
        0,
        0,
        0,
        0
    ],
    "rougeL": 0.1764975373975007,
    "bleu": 0.0292431925517619
}