{
    "execution times": [
        6.516627073287964,
        6.246286392211914,
        8.977961540222168,
        4.39583158493042,
        3.7566921710968018
    ],
    "avg execution time": 5.978679752349853,
    "tf-idf_qr": [
        