{
    "execution times": [
        16.437859773635864,
        6.210278511047363,
        3.0736989974975586,
        1.4599881172180176,
        7.43628454208374
    ],
    "avg execution time": 6.923621988296508,
    "tf-idf_qr": [
        "[[0.         0.03999151 0.         ... 0.         0.         0.        ]\n [0.         0.         0.         ... 0.08967673 0.         0.        ]\n [0.13634715 0.         0.13634715 ... 0.         0.13634715 0.11000402]\n [0.         0.         0.         ... 0.         0.         0.        ]\n [0.         0.         0.         ... 0.         0.         0.13681135]]",
        "[[0.         0.03999151 0.         ... 0.         0.         0.        ]\n [0.         0.         0.         ... 0.08967673 0.         0.        ]\n [0.13634715 0.         0.13634715 ... 0.         0.13634715 0.11000402]\n [0.         0.         0.         ... 0.         0.         0.        ]\n [0.         0.         0.         ... 0.         0.         0.13681135]]",
        "[[0.         0.03999151 0.         ... 0.         0.         0.        ]\n [0.         0.         0.         ... 0.08967673 0.         0.        ]\n [0.13634715 0.         0.13634715 ... 0.         0.13634715 0.11000402]\n [0.         0.         0.         ... 0.         0.         0.        ]\n [0.         0.         0.         ... 0.         0.         0.13681135]]",
        "[[0.         0.03999151 0.         ... 0.         0.         0.        ]\n [0.         0.         0.         ... 0.08967673 0.         0.        ]\n [0.13634715 0.         0.13634715 ... 0.         0.13634715 0.11000402]\n [0.         0.         0.         ... 0.         0.         0.        ]\n [0.         0.         0.         ... 0.         0.         0.13681135]]",
        "[[0.         0.03999151 0.         ... 0.         0.         0.        ]\n [0.         0.         0.         ... 0.08967673 0.         0.        ]\n [0.13634715 0.         0.13634715 ... 0.         0.13634715 0.11000402]\n [0.         0.         0.         ... 0.         0.         0.        ]\n [0.         0.         0.         ... 0.         0.         0.13681135]]"
    ],
    "tf-idf_qc": [
        0,
        0,
        0,
        0,
        0
    ],
    "tf-idf_rc": [
        0,
        0,
        0,
        0,
        0
    ],
    "rougeL": 0.16578943298805818,
    "bleu": 0.025218699723529737
}