{
    "execution times": [
        54.054781436920166,
        26.06696367263794,
        34.900978803634644,
        17.10420536994934,
        44.956732511520386
    ],
    "avg execution time": 35.41673235893249,
    "tf-idf_qr": [
        "[[0.         0.         0.         ... 0.         0.03132867 0.03132867]\n [0.         0.         0.         ... 0.05698928 0.         0.        ]\n [0.04644349 0.         0.         ... 0.         0.         0.        ]\n [0.         0.08387375 0.         ... 0.         0.         0.        ]\n [0.         0.         0.02076259 ... 0.06700452 0.         0.        ]]",
        "[[0.         0.         0.         ... 0.         0.03132867 0.03132867]\n [0.         0.         0.         ... 0.05698928 0.         0.        ]\n [0.04644349 0.         0.         ... 0.         0.         0.        ]\n [0.         0.08387375 0.         ... 0.         0.         0.        ]\n [0.         0.         0.02076259 ... 0.06700452 0.         0.        ]]",
        "[[0.         0.         0.         ... 0.         0.03132867 0.03132867]\n [0.         0.         0.         ... 0.05698928 0.         0.        ]\n [0.04644349 0.         0.         ... 0.         0.         0.        ]\n [0.         0.08387375 0.         ... 0.         0.         0.        ]\n [0.         0.         0.02076259 ... 0.06700452 0.         0.        ]]",
        "[[0.         0.         0.         ... 0.         0.03132867 0.03132867]\n [0.         0.         0.         ... 0.05698928 0.         0.        ]\n [0.04644349 0.         0.         ... 0.         0.         0.        ]\n [0.         0.08387375 0.         ... 0.         0.         0.        ]\n [0.         0.         0.02076259 ... 0.06700452 0.         0.        ]]",
        "[[0.         0.         0.         ... 0.         0.03132867 0.03132867]\n [0.         0.         0.         ... 0.05698928 0.         0.        ]\n [0.04644349 0.         0.         ... 0.         0.         0.        ]\n [0.         0.08387375 0.         ... 0.         0.         0.        ]\n [0.         0.         0.02076259 ... 0.06700452 0.         0.        ]]"
    ],
    "tf-idf_qc": [
        0,
        0,
        0,
        0,
        0
    ],
    "tf-idf_rc": [
        0,
        0,
        0,
        0,
        0
    ],
    "rougeL": 0.12767462216475348,
    "bleu": 0.013545641992817289
}