{
    "execution times": [
        15.946385145187378,
        14.867704629898071,
        16.45538640022278,
        7.38995885848999,
        37.99247360229492
    ],
    "avg execution time": 18.53038172721863,
    "tf-idf_qr": [
        "[[0.         0.13431081 0.08053323 ... 0.         0.         0.        ]\n [0.         0.05814236 0.         ... 0.         0.         0.        ]\n [0.03905981 0.07444884 0.         ... 0.         0.         0.03905981]\n [0.         0.02691809 0.         ... 0.         0.         0.        ]\n [0.         0.04376077 0.         ... 0.02295922 0.02295922 0.        ]]",
        "[[0.         0.13431081 0.08053323 ... 0.         0.         0.        ]\n [0.         0.05814236 0.         ... 0.         0.         0.        ]\n [0.03905981 0.07444884 0.         ... 0.         0.         0.03905981]\n [0.         0.02691809 0.         ... 0.         0.         0.        ]\n [0.         0.04376077 0.         ... 0.02295922 0.02295922 0.        ]]",
        "[[0.         0.13431081 0.08053323 ... 0.         0.         0.        ]\n [0.         0.05814236 0.         ... 0.         0.         0.        ]\n [0.03905981 0.07444884 0.         ... 0.         0.         0.03905981]\n [0.         0.02691809 0.         ... 0.         0.         0.        ]\n [0.         0.04376077 0.         ... 0.02295922 0.02295922 0.        ]]",
        "[[0.         0.13431081 0.08053323 ... 0.         0.         0.        ]\n [0.         0.05814236 0.         ... 0.         0.         0.        ]\n [0.03905981 0.07444884 0.         ... 0.         0.         0.03905981]\n [0.         0.02691809 0.         ... 0.         0.         0.        ]\n [0.         0.04376077 0.         ... 0.02295922 0.02295922 0.        ]]",
        "[[0.         0.13431081 0.08053323 ... 0.         0.         0.        ]\n [0.         0.05814236 0.         ... 0.         0.         0.        ]\n [0.03905981 0.07444884 0.         ... 0.         0.         0.03905981]\n [0.         0.02691809 0.         ... 0.         0.         0.        ]\n [0.         0.04376077 0.         ... 0.02295922 0.02295922 0.        ]]"
    ],
    "tf-idf_qc": [
        0,
        0,
        0,
        0,
        0
    ],
    "tf-idf_rc": [
        0,
        0,
        0,
        0,
        0
    ],
    "rougeL": 0.1323307069399859,
    "bleu": 0.015507381072645397
}