{
    "execution times": [
        3.4972503185272217,
        2.50632905960083,
        6.8464195728302,
        3.659578561782837,
        8.671909093856812
    ],
    "avg execution time": 5.03629732131958,
    "tf-idf_qr": [
        "[[0.04434068 0.08868137 0.         ... 0.         0.         0.        ]\n [0.         0.         0.         ... 0.09197925 0.         0.        ]\n [0.         0.         0.         ... 0.06436896 0.34276332 0.05712722]\n [0.         0.         0.         ... 0.02900798 0.         0.        ]\n [0.         0.         0.02571439 ... 0.01448704 0.         0.        ]]",
        "[[0.04434068 0.08868137 0.         ... 0.         0.         0.        ]\n [0.         0.         0.         ... 0.09197925 0.         0.        ]\n [0.         0.         0.         ... 0.06436896 0.34276332 0.05712722]\n [0.         0.         0.         ... 0.02900798 0.         0.        ]\n [0.         0.         0.02571439 ... 0.01448704 0.         0.        ]]",
        "[[0.04434068 0.08868137 0.         ... 0.         0.         0.        ]\n [0.         0.         0.         ... 0.09197925 0.         0.        ]\n [0.         0.         0.         ... 0.06436896 0.34276332 0.05712722]\n [0.         0.         0.         ... 0.02900798 0.         0.        ]\n [0.         0.         0.02571439 ... 0.01448704 0.         0.        ]]",
        "[[0.04434068 0.08868137 0.         ... 0.         0.         0.        ]\n [0.         0.         0.         ... 0.09197925 0.         0.        ]\n [0.         0.         0.         ... 0.06436896 0.34276332 0.05712722]\n [0.         0.         0.         ... 0.02900798 0.         0.        ]\n [0.         0.         0.02571439 ... 0.01448704 0.         0.        ]]",
        "[[0.04434068 0.08868137 0.         ... 0.         0.         0.        ]\n [0.         0.         0.         ... 0.09197925 0.         0.        ]\n [0.         0.         0.         ... 0.06436896 0.34276332 0.05712722]\n [0.         0.         0.         ... 0.02900798 0.         0.        ]\n [0.         0.         0.02571439 ... 0.01448704 0.         0.        ]]"
    ],
    "tf-idf_qc": [
        0,
        0,
        0,
        0,
        0
    ],
    "tf-idf_rc": [
        0,
        0,
        0,
        0,
        0
    ],
    "rougeL": 0.0
}