{
    "execution times": [
        15.31727647781372,
        17.391961812973022,
        21.86074948310852,
        7.759517431259155,
        9.677670955657959
    ],
    "avg execution time": 14.401435232162475,
    "tf-idf_qr": [
        "[[0.         0.         0.         ... 0.         0.         0.        ]\n [0.         0.         0.         ... 0.14740486 0.         0.        ]\n [0.         0.03928371 0.         ... 0.         0.01309457 0.        ]\n [0.         0.         0.         ... 0.13482995 0.         0.        ]\n [0.06023506 0.         0.06023506 ... 0.         0.         0.06023506]]",
        "[[0.         0.         0.         ... 0.         0.         0.        ]\n [0.         0.         0.         ... 0.14740486 0.         0.        ]\n [0.         0.03928371 0.         ... 0.         0.01309457 0.        ]\n [0.         0.         0.         ... 0.13482995 0.         0.        ]\n [0.06023506 0.         0.06023506 ... 0.         0.         0.06023506]]",
        "[[0.         0.         0.         ... 0.         0.         0.        ]\n [0.         0.         0.         ... 0.14740486 0.         0.        ]\n [0.         0.03928371 0.         ... 0.         0.01309457 0.        ]\n [0.         0.         0.         ... 0.13482995 0.         0.        ]\n [0.06023506 0.         0.06023506 ... 0.         0.         0.06023506]]",
        "[[0.         0.         0.         ... 0.         0.         0.        ]\n [0.         0.         0.         ... 0.14740486 0.         0.        ]\n [0.         0.03928371 0.         ... 0.         0.01309457 0.        ]\n [0.         0.         0.         ... 0.13482995 0.         0.        ]\n [0.06023506 0.         0.06023506 ... 0.         0.         0.06023506]]",
        "[[0.         0.         0.         ... 0.         0.         0.        ]\n [0.         0.         0.         ... 0.14740486 0.         0.        ]\n [0.         0.03928371 0.         ... 0.         0.01309457 0.        ]\n [0.         0.         0.         ... 0.13482995 0.         0.        ]\n [0.06023506 0.         0.06023506 ... 0.         0.         0.06023506]]"
    ],
    "tf-idf_qc": [
        0,
        0,
        0,
        0,
        0
    ],
    "tf-idf_rc": [
        0,
        0,
        0,
        0,
        0
    ],
    "rougeL": 0.1643361457777904,
    "bleu": 0.015365133979563345
}