{
    "execution times": [
        48.33916997909546,
        46.962796688079834,
        52.0384202003479,
        35.32363986968994,
        457.5929033756256
    ],
    "avg execution time": 128.05138602256775,
    "tf-idf_qr": [
        "[[0.         0.         0.         ... 0.         0.         0.        ]\n [0.         0.07293236 0.07293236 ... 0.         0.         0.        ]\n [0.         0.         0.         ... 0.         0.         0.05648186]\n [0.         0.         0.         ... 0.         0.         0.        ]\n [0.08260264 0.         0.         ... 0.07879021 0.08260264 0.06356745]]",
        "[[0.         0.         0.         ... 0.         0.         0.        ]\n [0.         0.07293236 0.07293236 ... 0.         0.         0.        ]\n [0.         0.         0.         ... 0.         0.         0.05648186]\n [0.         0.         0.         ... 0.         0.         0.        ]\n [0.08260264 0.         0.         ... 0.07879021 0.08260264 0.06356745]]",
        "[[0.         0.         0.         ... 0.         0.         0.        ]\n [0.         0.07293236 0.07293236 ... 0.         0.         0.        ]\n [0.         0.         0.         ... 0.         0.         0.05648186]\n [0.         0.         0.         ... 0.         0.         0.        ]\n [0.08260264 0.         0.         ... 0.07879021 0.08260264 0.06356745]]",
        "[[0.         0.         0.         ... 0.         0.         0.        ]\n [0.         0.07293236 0.07293236 ... 0.         0.         0.        ]\n [0.         0.         0.         ... 0.         0.         0.05648186]\n [0.         0.         0.         ... 0.         0.         0.        ]\n [0.08260264 0.         0.         ... 0.07879021 0.08260264 0.06356745]]",
        "[[0.         0.         0.         ... 0.         0.         0.        ]\n [0.         0.07293236 0.07293236 ... 0.         0.         0.        ]\n [0.         0.         0.         ... 0.         0.         0.05648186]\n [0.         0.         0.         ... 0.         0.         0.        ]\n [0.08260264 0.         0.         ... 0.07879021 0.08260264 0.06356745]]"
    ],
    "tf-idf_qc": [
        0,
        0,
        0,
        0,
        0
    ],
    "tf-idf_rc": [
        0,
        0,
        0,
        0,
        0
    ],
    "rougeL": 0.1590218413056003,
    "bleu": 0.003118072750552869
}