{
    "execution times": [
        113.35047316551208,
        13.895833969116211,
        11.548947095870972,
        7.581252813339233,
        11.600837469100952
    ],
    "avg execution time": 31.59546890258789,
    "tf-idf_qr": [
        "[[0.00137741 0.00170726 0.00170726 ... 0.         0.         0.        ]\n [0.         0.         0.         ... 0.         0.         0.        ]\n [0.         0.         0.         ... 0.         0.04298982 0.        ]\n [0.13518902 0.         0.         ... 0.         0.         0.        ]\n [0.         0.         0.         ... 0.12224256 0.04931226 0.06112128]]",
        "[[0.00137741 0.00170726 0.00170726 ... 0.         0.         0.        ]\n [0.         0.         0.         ... 0.         0.         0.        ]\n [0.         0.         0.         ... 0.         0.04298982 0.        ]\n [0.13518902 0.         0.         ... 0.         0.         0.        ]\n [0.         0.         0.         ... 0.12224256 0.04931226 0.06112128]]",
        "[[0.00137741 0.00170726 0.00170726 ... 0.         0.         0.        ]\n [0.         0.         0.         ... 0.         0.         0.        ]\n [0.         0.         0.         ... 0.         0.04298982 0.        ]\n [0.13518902 0.         0.         ... 0.         0.         0.        ]\n [0.         0.         0.         ... 0.12224256 0.04931226 0.06112128]]",
        "[[0.00137741 0.00170726 0.00170726 ... 0.         0.         0.        ]\n [0.         0.         0.         ... 0.         0.         0.        ]\n [0.         0.         0.         ... 0.         0.04298982 0.        ]\n [0.13518902 0.         0.         ... 0.         0.         0.        ]\n [0.         0.         0.         ... 0.12224256 0.04931226 0.06112128]]",
        "[[0.00137741 0.00170726 0.00170726 ... 0.         0.         0.        ]\n [0.         0.         0.         ... 0.         0.         0.        ]\n [0.         0.         0.         ... 0.         0.04298982 0.        ]\n [0.13518902 0.         0.         ... 0.         0.         0.        ]\n [0.         0.         0.         ... 0.12224256 0.04931226 0.06112128]]"
    ],
    "tf-idf_qc": [
        0,
        0,
        0,
        0,
        0
    ],
    "tf-idf_rc": [
        0,
        0,
        0,
        0,
        0
    ],
    "rougeL": 0.1649371309365994,
    "bleu": 0.0066163549009368204
}