{
    "execution times": [
        56.423518657684326,
        27.626593112945557,
        15.902052879333496,
        1051.4633502960205,
        41.84179139137268
    ],
    "avg execution time": 238.65146126747132,
    "tf-idf_qr": [
        "[[0.0284374  0.         0.         ... 0.         0.         0.01904486]\n [0.         0.         0.         ... 0.         0.         0.02160802]\n [0.         0.         0.         ... 0.         0.         0.        ]\n [0.         0.00028624 0.00057249 ... 0.00028624 0.00028624 0.        ]\n [0.         0.         0.         ... 0.         0.         0.07476612]]",
        "[[0.0284374  0.         0.         ... 0.         0.         0.01904486]\n [0.         0.         0.         ... 0.         0.         0.02160802]\n [0.         0.         0.         ... 0.         0.         0.        ]\n [0.         0.00028624 0.00057249 ... 0.00028624 0.00028624 0.        ]\n [0.         0.         0.         ... 0.         0.         0.07476612]]",
        "[[0.0284374  0.         0.         ... 0.         0.         0.01904486]\n [0.         0.         0.         ... 0.         0.         0.02160802]\n [0.         0.         0.         ... 0.         0.         0.        ]\n [0.         0.00028624 0.00057249 ... 0.00028624 0.00028624 0.        ]\n [0.         0.         0.         ... 0.         0.         0.07476612]]",
        "[[0.0284374  0.         0.         ... 0.         0.         0.01904486]\n [0.         0.         0.         ... 0.         0.         0.02160802]\n [0.         0.         0.         ... 0.         0.         0.        ]\n [0.         0.00028624 0.00057249 ... 0.00028624 0.00028624 0.        ]\n [0.         0.         0.         ... 0.         0.         0.07476612]]",
        "[[0.0284374  0.         0.         ... 0.         0.         0.01904486]\n [0.         0.         0.         ... 0.         0.         0.02160802]\n [0.         0.         0.         ... 0.         0.         0.        ]\n [0.         0.00028624 0.00057249 ... 0.00028624 0.00028624 0.        ]\n [0.         0.         0.         ... 0.         0.         0.07476612]]"
    ],
    "tf-idf_qc": [
        0,
        0,
        0,
        0,
        0
    ],
    "tf-idf_rc": [
        0,
        0,
        0,
        0,
        0
    ],
    "rougeL": 0.12858849358801203,
    "bleu": 0.00184596930433271
}