{
    "execution times": [
        85.94302916526794,
        53.74994993209839,
        61.13053798675537,
        67.76189541816711,
        80.34579515457153
    ],
    "avg execution time": 69.78624153137207,
    "tf-idf_qr": [
        "[[0.         0.         0.         ... 0.05317543 0.06590957 0.05317543]\n [0.         0.         0.         ... 0.         0.         0.11556284]\n [0.36423575 0.36423575 0.         ... 0.         0.         0.        ]\n [0.         0.         0.         ... 0.         0.         0.        ]\n [0.         0.         0.08054702 ... 0.2274469  0.         0.        ]]",
        "[[0.         0.         0.         ... 0.05317543 0.06590957 0.05317543]\n [0.         0.         0.         ... 0.         0.         0.11556284]\n [0.36423575 0.36423575 0.         ... 0.         0.         0.        ]\n [0.         0.         0.         ... 0.         0.         0.        ]\n [0.         0.         0.08054702 ... 0.2274469  0.         0.        ]]",
        "[[0.         0.         0.         ... 0.05317543 0.06590957 0.05317543]\n [0.         0.         0.         ... 0.         0.         0.11556284]\n [0.36423575 0.36423575 0.         ... 0.         0.         0.        ]\n [0.         0.         0.         ... 0.         0.         0.        ]\n [0.         0.         0.08054702 ... 0.2274469  0.         0.        ]]",
        "[[0.         0.         0.         ... 0.05317543 0.06590957 0.05317543]\n [0.         0.         0.         ... 0.         0.         0.11556284]\n [0.36423575 0.36423575 0.         ... 0.         0.         0.        ]\n [0.         0.         0.         ... 0.         0.         0.        ]\n [0.         0.         0.08054702 ... 0.2274469  0.         0.        ]]",
        "[[0.         0.         0.         ... 0.05317543 0.06590957 0.05317543]\n [0.         0.         0.         ... 0.         0.         0.11556284]\n [0.36423575 0.36423575 0.         ... 0.         0.         0.        ]\n [0.         0.         0.         ... 0.         0.         0.        ]\n [0.         0.         0.08054702 ... 0.2274469  0.         0.        ]]"
    ],
    "tf-idf_qc": [
        0,
        0,
        0,
        0,
        0
    ],
    "tf-idf_rc": [
        0,
        0,
        0,
        0,
        0
    ],
    "rougeL": 0.16714121451670855,
    "bleu": 0.018667769854103896
}