{
    "execution times": [
        24.28467869758606,
        7.600460529327393,
        2.3371517658233643,
        0.9926650524139404,
        8.680443286895752
    ],
    "avg execution time": 8.779079866409301,
    "tf-idf_qr": [
        "[[0.         0.         0.         ... 0.05501314 0.04873747 0.        ]\n [0.         0.         0.         ... 0.         0.07395231 0.        ]\n [0.08754645 0.         0.         ... 0.         0.12514906 0.08754645]\n [0.         0.         0.         ... 0.         0.11270568 0.        ]\n [0.         0.05358211 0.05358211 ... 0.04322971 0.15319297 0.        ]]",
        "[[0.         0.         0.         ... 0.05501314 0.04873747 0.        ]\n [0.         0.         0.         ... 0.         0.07395231 0.        ]\n [0.08754645 0.         0.         ... 0.         0.12514906 0.08754645]\n [0.         0.         0.         ... 0.         0.11270568 0.        ]\n [0.         0.05358211 0.05358211 ... 0.04322971 0.15319297 0.        ]]",
        "[[0.         0.         0.         ... 0.05501314 0.04873747 0.        ]\n [0.         0.         0.         ... 0.         0.07395231 0.        ]\n [0.08754645 0.         0.         ... 0.         0.12514906 0.08754645]\n [0.         0.         0.         ... 0.         0.11270568 0.        ]\n [0.         0.05358211 0.05358211 ... 0.04322971 0.15319297 0.        ]]",
        "[[0.         0.         0.         ... 0.05501314 0.04873747 0.        ]\n [0.         0.         0.         ... 0.         0.07395231 0.        ]\n [0.08754645 0.         0.         ... 0.         0.12514906 0.08754645]\n [0.         0.         0.         ... 0.         0.11270568 0.        ]\n [0.         0.05358211 0.05358211 ... 0.04322971 0.15319297 0.        ]]",
        "[[0.         0.         0.         ... 0.05501314 0.04873747 0.        ]\n [0.         0.         0.         ... 0.         0.07395231 0.        ]\n [0.08754645 0.         0.         ... 0.         0.12514906 0.08754645]\n [0.         0.         0.         ... 0.         0.11270568 0.        ]\n [0.         0.05358211 0.05358211 ... 0.04322971 0.15319297 0.        ]]"
    ],
    "tf-idf_qc": [
        0,
        0,
        0,
        0,
        0
    ],
    "tf-idf_rc": [
        0,
        0,
        0,
        0,
        0
    ],
    "rougeL": 0.18009057210750243,
    "bleu": 0.08916350687278059
}