{
    "execution times": [
        78.39864039421082,
        39.445565938949585,
        46.4451470375061,
        21.894903898239136,
        39.5303270816803
    ],
    "avg execution time": 45.14291687011719,
    "tf-idf_qr": [
        "[[0.         0.         0.         ... 0.02622514 0.02622514 0.        ]\n [0.         0.         0.         ... 0.03315898 0.03315898 0.        ]\n [0.         0.05727012 0.01909004 ... 0.02716544 0.02716544 0.01909004]\n [0.02100329 0.06973851 0.01743463 ... 0.02480976 0.02480976 0.01743463]\n [0.01902167 0.06315881 0.0157897  ... 0.02246901 0.11234503 0.0157897 ]]",
        "[[0.         0.         0.         ... 0.02622514 0.02622514 0.        ]\n [0.         0.         0.         ... 0.03315898 0.03315898 0.        ]\n [0.         0.05727012 0.01909004 ... 0.02716544 0.02716544 0.01909004]\n [0.02100329 0.06973851 0.01743463 ... 0.02480976 0.02480976 0.01743463]\n [0.01902167 0.06315881 0.0157897  ... 0.02246901 0.11234503 0.0157897 ]]",
        "[[0.         0.         0.         ... 0.02622514 0.02622514 0.        ]\n [0.         0.         0.         ... 0.03315898 0.03315898 0.        ]\n [0.         0.05727012 0.01909004 ... 0.02716544 0.02716544 0.01909004]\n [0.02100329 0.06973851 0.01743463 ... 0.02480976 0.02480976 0.01743463]\n [0.01902167 0.06315881 0.0157897  ... 0.02246901 0.11234503 0.0157897 ]]",
        "[[0.         0.         0.         ... 0.02622514 0.02622514 0.        ]\n [0.         0.         0.         ... 0.03315898 0.03315898 0.        ]\n [0.         0.05727012 0.01909004 ... 0.02716544 0.02716544 0.01909004]\n [0.02100329 0.06973851 0.01743463 ... 0.02480976 0.02480976 0.01743463]\n [0.01902167 0.06315881 0.0157897  ... 0.02246901 0.11234503 0.0157897 ]]",
        "[[0.         0.         0.         ... 0.02622514 0.02622514 0.        ]\n [0.         0.         0.         ... 0.03315898 0.03315898 0.        ]\n [0.         0.05727012 0.01909004 ... 0.02716544 0.02716544 0.01909004]\n [0.02100329 0.06973851 0.01743463 ... 0.02480976 0.02480976 0.01743463]\n [0.01902167 0.06315881 0.0157897  ... 0.02246901 0.11234503 0.0157897 ]]"
    ],
    "tf-idf_qc": [
        0,
        0,
        0,
        0,
        0
    ],
    "tf-idf_rc": [
        0,
        0,
        0,
        0,
        0
    ],
    "rougeL": 0.11504530026403574,
    "bleu": 0.021337760743841534
}