{
    "execution times": [
        5.293534994125366,
        3.1750712394714355,
        1.5750939846038818,
        0.8268904685974121,
        2.0840280055999756
    ],
    "avg execution time": 2.5909237384796144,
    "tf-idf_qr": [
        "[[0.         0.         0.         ... 0.         0.         0.        ]\n [0.02990969 0.02990969 0.02990969 ... 0.         0.0600926  0.28043211]\n [0.         0.         0.         ... 0.         0.09766751 0.14650127]\n [0.         0.         0.         ... 0.13061042 0.         0.        ]\n [0.         0.         0.         ... 0.         0.04700186 0.04700186]]",
        "[[0.         0.         0.         ... 0.         0.         0.        ]\n [0.02990969 0.02990969 0.02990969 ... 0.         0.0600926  0.28043211]\n [0.         0.         0.         ... 0.         0.09766751 0.14650127]\n [0.         0.         0.         ... 0.13061042 0.         0.        ]\n [0.         0.         0.         ... 0.         0.04700186 0.04700186]]",
        "[[0.         0.         0.         ... 0.         0.         0.        ]\n [0.02990969 0.02990969 0.02990969 ... 0.         0.0600926  0.28043211]\n [0.         0.         0.         ... 0.         0.09766751 0.14650127]\n [0.         0.         0.         ... 0.13061042 0.         0.        ]\n [0.         0.         0.         ... 0.         0.04700186 0.04700186]]",
        "[[0.         0.         0.         ... 0.         0.         0.        ]\n [0.02990969 0.02990969 0.02990969 ... 0.         0.0600926  0.28043211]\n [0.         0.         0.         ... 0.         0.09766751 0.14650127]\n [0.         0.         0.         ... 0.13061042 0.         0.        ]\n [0.         0.         0.         ... 0.         0.04700186 0.04700186]]",
        "[[0.         0.         0.         ... 0.         0.         0.        ]\n [0.02990969 0.02990969 0.02990969 ... 0.         0.0600926  0.28043211]\n [0.         0.         0.         ... 0.         0.09766751 0.14650127]\n [0.         0.         0.         ... 0.13061042 0.         0.        ]\n [0.         0.         0.         ... 0.         0.04700186 0.04700186]]"
    ],
    "tf-idf_qc": [
        0,
        0,
        0,
        0,
        0
    ],
    "tf-idf_rc": [
        0,
        0,
        0,
        0,
        0
    ],
    "rougeL": 0.0
}