{
    "execution times": [
        65.96598100662231,
        44.40744614601135,
        43.87301278114319,
        42.82010507583618,
        55.207744121551514
    ],
    "avg execution time": 50.45485782623291,
    "tf-idf_qr": [
        "[[0.         0.         0.         ... 0.         0.03373523 0.01900584]\n [0.         0.         0.         ... 0.         0.         0.01987299]\n [0.08498326 0.         0.         ... 0.08498326 0.         0.04787809]\n [0.         0.         0.         ... 0.         0.         0.        ]\n [0.         0.05734138 0.05734138 ... 0.         0.         0.03230513]]",
        "[[0.         0.         0.         ... 0.         0.03373523 0.01900584]\n [0.         0.         0.         ... 0.         0.         0.01987299]\n [0.08498326 0.         0.         ... 0.08498326 0.         0.04787809]\n [0.         0.         0.         ... 0.         0.         0.        ]\n [0.         0.05734138 0.05734138 ... 0.         0.         0.03230513]]",
        "[[0.         0.         0.         ... 0.         0.03373523 0.01900584]\n [0.         0.         0.         ... 0.         0.         0.01987299]\n [0.08498326 0.         0.         ... 0.08498326 0.         0.04787809]\n [0.         0.         0.         ... 0.         0.         0.        ]\n [0.         0.05734138 0.05734138 ... 0.         0.         0.03230513]]",
        "[[0.         0.         0.         ... 0.         0.03373523 0.01900584]\n [0.         0.         0.         ... 0.         0.         0.01987299]\n [0.08498326 0.         0.         ... 0.08498326 0.         0.04787809]\n [0.         0.         0.         ... 0.         0.         0.        ]\n [0.         0.05734138 0.05734138 ... 0.         0.         0.03230513]]",
        "[[0.         0.         0.         ... 0.         0.03373523 0.01900584]\n [0.         0.         0.         ... 0.         0.         0.01987299]\n [0.08498326 0.         0.         ... 0.08498326 0.         0.04787809]\n [0.         0.         0.         ... 0.         0.         0.        ]\n [0.         0.05734138 0.05734138 ... 0.         0.         0.03230513]]"
    ],
    "tf-idf_qc": [
        0,
        0,
        0,
        0,
        0
    ],
    "tf-idf_rc": [
        0,
        0,
        0,
        0,
        0
    ],
    "rougeL": 0.20634941714875193,
    "bleu": 0.057066780024158444
}