{
    "execution times": [
        16.012892723083496,
        7.846855401992798,
        2.5517873764038086,
        0.7924554347991943,
        1.7024316787719727
    ],
    "avg execution time": 5.781284523010254,
    "tf-idf_qr": [
        "[[0.         0.         0.03395173 ... 0.028183   0.         0.06015731]\n [0.         0.         0.03674998 ... 0.0305058  0.04555065 0.06511538]\n [0.08337844 0.08337844 0.         ... 0.         0.         0.11919082]\n [0.         0.         0.         ... 0.         0.         0.1135027 ]\n [0.         0.         0.         ... 0.07211426 0.         0.35916923]]",
        "[[0.         0.         0.03395173 ... 0.028183   0.         0.06015731]\n [0.         0.         0.03674998 ... 0.0305058  0.04555065 0.06511538]\n [0.08337844 0.08337844 0.         ... 0.         0.         0.11919082]\n [0.         0.         0.         ... 0.         0.         0.1135027 ]\n [0.         0.         0.         ... 0.07211426 0.         0.35916923]]",
        "[[0.         0.         0.03395173 ... 0.028183   0.         0.06015731]\n [0.         0.         0.03674998 ... 0.0305058  0.04555065 0.06511538]\n [0.08337844 0.08337844 0.         ... 0.         0.         0.11919082]\n [0.         0.         0.         ... 0.         0.         0.1135027 ]\n [0.         0.         0.         ... 0.07211426 0.         0.35916923]]",
        "[[0.         0.         0.03395173 ... 0.028183   0.         0.06015731]\n [0.         0.         0.03674998 ... 0.0305058  0.04555065 0.06511538]\n [0.08337844 0.08337844 0.         ... 0.         0.         0.11919082]\n [0.         0.         0.         ... 0.         0.         0.1135027 ]\n [0.         0.         0.         ... 0.07211426 0.         0.35916923]]",
        "[[0.         0.         0.03395173 ... 0.028183   0.         0.06015731]\n [0.         0.         0.03674998 ... 0.0305058  0.04555065 0.06511538]\n [0.08337844 0.08337844 0.         ... 0.         0.         0.11919082]\n [0.         0.         0.         ... 0.         0.         0.1135027 ]\n [0.         0.         0.         ... 0.07211426 0.         0.35916923]]"
    ],
    "tf-idf_qc": [
        0,
        0,
        0,
        0,
        0
    ],
    "tf-idf_rc": [
        0,
        0,
        0,
        0,
        0
    ],
    "rougeL": 0.1584023894741568,
    "bleu": 0.09430859466326176
}