{
    "execution times": [
        33.49850416183472,
        26.1654953956604,
        37.84851121902466,
        48.69322848320007,
        51.35088348388672
    ],
    "avg execution time": 39.51132454872131,
    "tf-idf_qr": [
        "[[0.03241117 0.03241117 0.03241117 ... 0.         0.04341228 0.        ]\n [0.         0.         0.         ... 0.0316396  0.         0.        ]\n [0.         0.         0.         ... 0.         0.0180056  0.0268856 ]\n [0.         0.         0.         ... 0.         0.         0.        ]\n [0.         0.         0.         ... 0.         0.03627303 0.        ]]",
        "[[0.03241117 0.03241117 0.03241117 ... 0.         0.04341228 0.        ]\n [0.         0.         0.         ... 0.0316396  0.         0.        ]\n [0.         0.         0.         ... 0.         0.0180056  0.0268856 ]\n [0.         0.         0.         ... 0.         0.         0.        ]\n [0.         0.         0.         ... 0.         0.03627303 0.        ]]",
        "[[0.03241117 0.03241117 0.03241117 ... 0.         0.04341228 0.        ]\n [0.         0.         0.         ... 0.0316396  0.         0.        ]\n [0.         0.         0.         ... 0.         0.0180056  0.0268856 ]\n [0.         0.         0.         ... 0.         0.         0.        ]\n [0.         0.         0.         ... 0.         0.03627303 0.        ]]",
        "[[0.03241117 0.03241117 0.03241117 ... 0.         0.04341228 0.        ]\n [0.         0.         0.         ... 0.0316396  0.         0.        ]\n [0.         0.         0.         ... 0.         0.0180056  0.0268856 ]\n [0.         0.         0.         ... 0.         0.         0.        ]\n [0.         0.         0.         ... 0.         0.03627303 0.        ]]",
        "[[0.03241117 0.03241117 0.03241117 ... 0.         0.04341228 0.        ]\n [0.         0.         0.         ... 0.0316396  0.         0.        ]\n [0.         0.         0.         ... 0.         0.0180056  0.0268856 ]\n [0.         0.         0.         ... 0.         0.         0.        ]\n [0.         0.         0.         ... 0.         0.03627303 0.        ]]"
    ],
    "tf-idf_qc": [
        0,
        0,
        0,
        0,
        0
    ],
    "tf-idf_rc": [
        0,
        0,
        0,
        0,
        0
    ],
    "rougeL": 0.11172712688697159,
    "bleu": 0.01319695133824808
}