{
    "execution times": [
        51.57917881011963,
        18.33330535888672,
        27.24396514892578,
        14.670926094055176,
        24.99392819404602
    ],
    "avg execution time": 27.364260721206666,
    "tf-idf_qr": [
        "[[0.         0.         0.         ... 0.         0.         0.        ]\n [0.         0.         0.         ... 0.1552917  0.1035278  0.04176279]\n [0.05641976 0.11283951 0.11283951 ... 0.         0.         0.        ]\n [0.         0.         0.         ... 0.         0.         0.        ]\n [0.         0.         0.         ... 0.         0.         0.03288617]]",
        "[[0.         0.         0.         ... 0.         0.         0.        ]\n [0.         0.         0.         ... 0.1552917  0.1035278  0.04176279]\n [0.05641976 0.11283951 0.11283951 ... 0.         0.         0.        ]\n [0.         0.         0.         ... 0.         0.         0.        ]\n [0.         0.         0.         ... 0.         0.         0.03288617]]",
        "[[0.         0.         0.         ... 0.         0.         0.        ]\n [0.         0.         0.         ... 0.1552917  0.1035278  0.04176279]\n [0.05641976 0.11283951 0.11283951 ... 0.         0.         0.        ]\n [0.         0.         0.         ... 0.         0.         0.        ]\n [0.         0.         0.         ... 0.         0.         0.03288617]]",
        "[[0.         0.         0.         ... 0.         0.         0.        ]\n [0.         0.         0.         ... 0.1552917  0.1035278  0.04176279]\n [0.05641976 0.11283951 0.11283951 ... 0.         0.         0.        ]\n [0.         0.         0.         ... 0.         0.         0.        ]\n [0.         0.         0.         ... 0.         0.         0.03288617]]",
        "[[0.         0.         0.         ... 0.         0.         0.        ]\n [0.         0.         0.         ... 0.1552917  0.1035278  0.04176279]\n [0.05641976 0.11283951 0.11283951 ... 0.         0.         0.        ]\n [0.         0.         0.         ... 0.         0.         0.        ]\n [0.         0.         0.         ... 0.         0.         0.03288617]]"
    ],
    "tf-idf_qc": [
        0,
        0,
        0,
        0,
        0
    ],
    "tf-idf_rc": [
        0,
        0,
        0,
        0,
        0
    ],
    "rougeL": 0.12775654931918473,
    "bleu": 0.011505584655085917
}