{
    "execution times": [
        24.232253074645996,
        22.816964387893677,
        16.282767295837402,
        21.555888652801514,
        1051.6679012775421
    ],
    "avg execution time": 227.31115493774413,
    "tf-idf_qr": [
        "[[0.         0.         0.         ... 0.04359457 0.05251786 0.        ]\n [0.05037099 0.         0.         ... 0.03373404 0.040639   0.        ]\n [0.         0.15844631 0.         ... 0.         0.         0.07922316]\n [0.         0.         0.         ... 0.         0.         0.        ]\n [0.         0.         0.00391831 ... 0.00017494 0.         0.        ]]",
        "[[0.         0.         0.         ... 0.04359457 0.05251786 0.        ]\n [0.05037099 0.         0.         ... 0.03373404 0.040639   0.        ]\n [0.         0.15844631 0.         ... 0.         0.         0.07922316]\n [0.         0.         0.         ... 0.         0.         0.        ]\n [0.         0.         0.00391831 ... 0.00017494 0.         0.        ]]",
        "[[0.         0.         0.         ... 0.04359457 0.05251786 0.        ]\n [0.05037099 0.         0.         ... 0.03373404 0.040639   0.        ]\n [0.         0.15844631 0.         ... 0.         0.         0.07922316]\n [0.         0.         0.         ... 0.         0.         0.        ]\n [0.         0.         0.00391831 ... 0.00017494 0.         0.        ]]",
        "[[0.         0.         0.         ... 0.04359457 0.05251786 0.        ]\n [0.05037099 0.         0.         ... 0.03373404 0.040639   0.        ]\n [0.         0.15844631 0.         ... 0.         0.         0.07922316]\n [0.         0.         0.         ... 0.         0.         0.        ]\n [0.         0.         0.00391831 ... 0.00017494 0.         0.        ]]",
        "[[0.         0.         0.         ... 0.04359457 0.05251786 0.        ]\n [0.05037099 0.         0.         ... 0.03373404 0.040639   0.        ]\n [0.         0.15844631 0.         ... 0.         0.         0.07922316]\n [0.         0.         0.         ... 0.         0.         0.        ]\n [0.         0.         0.00391831 ... 0.00017494 0.         0.        ]]"
    ],
    "tf-idf_qc": [
        0,
        0,
        0,
        0,
        0
    ],
    "tf-idf_rc": [
        0,
        0,
        0,
        0,
        0
    ],
    "rougeL": 0.17258238591475455,
    "bleu": 0.001420129135839629
}