{
    "execution times": [
        15.905808925628662,
        9.112176656723022,
        15.645890474319458,
        9.485713720321655,
        9.877410888671875
    ],
    "avg execution time": 12.005400133132934,
    "tf-idf_qr": [
        "[[0.         0.         0.         ... 0.         0.         0.        ]\n [0.         0.         0.03976754 ... 0.02663279 0.07953509 0.        ]\n [0.02364444 0.04728889 0.         ... 0.03166992 0.         0.        ]\n [0.         0.         0.         ... 0.         0.         0.04499211]\n [0.         0.         0.         ... 0.06358299 0.         0.        ]]",
        "[[0.         0.         0.         ... 0.         0.         0.        ]\n [0.         0.         0.03976754 ... 0.02663279 0.07953509 0.        ]\n [0.02364444 0.04728889 0.         ... 0.03166992 0.         0.        ]\n [0.         0.         0.         ... 0.         0.         0.04499211]\n [0.         0.         0.         ... 0.06358299 0.         0.        ]]",
        "[[0.         0.         0.         ... 0.         0.         0.        ]\n [0.         0.         0.03976754 ... 0.02663279 0.07953509 0.        ]\n [0.02364444 0.04728889 0.         ... 0.03166992 0.         0.        ]\n [0.         0.         0.         ... 0.         0.         0.04499211]\n [0.         0.         0.         ... 0.06358299 0.         0.        ]]",
        "[[0.         0.         0.         ... 0.         0.         0.        ]\n [0.         0.         0.03976754 ... 0.02663279 0.07953509 0.        ]\n [0.02364444 0.04728889 0.         ... 0.03166992 0.         0.        ]\n [0.         0.         0.         ... 0.         0.         0.04499211]\n [0.         0.         0.         ... 0.06358299 0.         0.        ]]",
        "[[0.         0.         0.         ... 0.         0.         0.        ]\n [0.         0.         0.03976754 ... 0.02663279 0.07953509 0.        ]\n [0.02364444 0.04728889 0.         ... 0.03166992 0.         0.        ]\n [0.         0.         0.         ... 0.         0.         0.04499211]\n [0.         0.         0.         ... 0.06358299 0.         0.        ]]"
    ],
    "tf-idf_qc": [
        0,
        0,
        0,
        0,
        0
    ],
    "tf-idf_rc": [
        0,
        0,
        0,
        0,
        0
    ],
    "rougeL": 0.06813253211005985
}