{
    "execution times": [
        31.797598361968994,
        22.89221501350403,
        36.376521825790405,
        43.077932357788086,
        45.91296434402466
    ],
    "avg execution time": 36.01144638061523,
    "tf-idf_qr": [
        "[[0.         0.0365296  0.         ... 0.         0.         0.        ]\n [0.         0.         0.         ... 0.         0.         0.        ]\n [0.09528831 0.         0.15881385 ... 0.0212719  0.         0.        ]\n [0.         0.         0.         ... 0.04817199 0.03596473 0.        ]\n [0.         0.         0.         ... 0.01901752 0.         0.02839658]]",
        "[[0.         0.0365296  0.         ... 0.         0.         0.        ]\n [0.         0.         0.         ... 0.         0.         0.        ]\n [0.09528831 0.         0.15881385 ... 0.0212719  0.         0.        ]\n [0.         0.         0.         ... 0.04817199 0.03596473 0.        ]\n [0.         0.         0.         ... 0.01901752 0.         0.02839658]]",
        "[[0.         0.0365296  0.         ... 0.         0.         0.        ]\n [0.         0.         0.         ... 0.         0.         0.        ]\n [0.09528831 0.         0.15881385 ... 0.0212719  0.         0.        ]\n [0.         0.         0.         ... 0.04817199 0.03596473 0.        ]\n [0.         0.         0.         ... 0.01901752 0.         0.02839658]]",
        "[[0.         0.0365296  0.         ... 0.         0.         0.        ]\n [0.         0.         0.         ... 0.         0.         0.        ]\n [0.09528831 0.         0.15881385 ... 0.0212719  0.         0.        ]\n [0.         0.         0.         ... 0.04817199 0.03596473 0.        ]\n [0.         0.         0.         ... 0.01901752 0.         0.02839658]]",
        "[[0.         0.0365296  0.         ... 0.         0.         0.        ]\n [0.         0.         0.         ... 0.         0.         0.        ]\n [0.09528831 0.         0.15881385 ... 0.0212719  0.         0.        ]\n [0.         0.         0.         ... 0.04817199 0.03596473 0.        ]\n [0.         0.         0.         ... 0.01901752 0.         0.02839658]]"
    ],
    "tf-idf_qc": [
        0,
        0,
        0,
        0,
        0
    ],
    "tf-idf_rc": [
        0,
        0,
        0,
        0,
        0
    ],
    "rougeL": 0.12210289335526028,
    "bleu": 0.01344781266189825
}