{
    "execution times": [
        68.07092905044556,
        53.99113869667053,
        55.679550886154175,
        44.6400203704834,
        86.23885226249695
    ],
    "avg execution time": 61.72409825325012,
    "tf-idf_qr": [
        "[[0.0234442  0.         0.         ... 0.         0.         0.        ]\n [0.         0.         0.         ... 0.         0.         0.        ]\n [0.         0.         0.         ... 0.         0.         0.        ]\n [0.         0.12939995 0.12939995 ... 0.10439906 0.         0.        ]\n [0.         0.         0.         ... 0.24490394 0.01686401 0.01686401]]",
        "[[0.0234442  0.         0.         ... 0.         0.         0.        ]\n [0.         0.         0.         ... 0.         0.         0.        ]\n [0.         0.         0.         ... 0.         0.         0.        ]\n [0.         0.12939995 0.12939995 ... 0.10439906 0.         0.        ]\n [0.         0.         0.         ... 0.24490394 0.01686401 0.01686401]]",
        "[[0.0234442  0.         0.         ... 0.         0.         0.        ]\n [0.         0.         0.         ... 0.         0.         0.        ]\n [0.         0.         0.         ... 0.         0.         0.        ]\n [0.         0.12939995 0.12939995 ... 0.10439906 0.         0.        ]\n [0.         0.         0.         ... 0.24490394 0.01686401 0.01686401]]",
        "[[0.0234442  0.         0.         ... 0.         0.         0.        ]\n [0.         0.         0.         ... 0.         0.         0.        ]\n [0.         0.         0.         ... 0.         0.         0.        ]\n [0.         0.12939995 0.12939995 ... 0.10439906 0.         0.        ]\n [0.         0.         0.         ... 0.24490394 0.01686401 0.01686401]]",
        "[[0.0234442  0.         0.         ... 0.         0.         0.        ]\n [0.         0.         0.         ... 0.         0.         0.        ]\n [0.         0.         0.         ... 0.         0.         0.        ]\n [0.         0.12939995 0.12939995 ... 0.10439906 0.         0.        ]\n [0.         0.         0.         ... 0.24490394 0.01686401 0.01686401]]"
    ],
    "tf-idf_qc": [
        0,
        0,
        0,
        0,
        0
    ],
    "tf-idf_rc": [
        0,
        0,
        0,
        0,
        0
    ],
    "rougeL": 0.18738852526922245,
    "bleu": 0.035563626471999656
}