{
    "execution times": [
        16.240943908691406,
        9.683963298797607,
        11.653985977172852,
        5.257802963256836,
        8.477488279342651
    ],
    "avg execution time": 10.26283688545227,
    "tf-idf_qr": [
        0,
        0,
        0,
        0,
        0
    ],
    "avg tf-idf_qr": 0.0,
    "tf-idf_qc": [
        0,
        0,
        0,
        0,
        0
    ],
    "avg tf-idf_qc": 0.0,
    "tf-idf_rc": [
        0,
        0,
        0,
        0,
        0
    ],
    "avg tf-idf_rc": 0.0,
    "rougeL": 0.09324265575145867
}