{
    "execution times": [
        34.80308389663696,
        27.428543090820312,
        25.82037091255188,
        13.182771682739258,
        32.53255534172058
    ],
    "avg execution time": 26.7534649848938,
    "tf-idf_qr": [
        "[[0.         0.         0.         ... 0.         0.         0.06409896]\n [0.         0.         0.         ... 0.03857217 0.         0.05513954]\n [0.09431111 0.         0.         ... 0.         0.09431111 0.13481924]\n [0.         0.         0.         ... 0.         0.         0.11393659]\n [0.         0.05697432 0.05697432 ... 0.         0.         0.13574285]]",
        "[[0.         0.         0.         ... 0.         0.         0.06409896]\n [0.         0.         0.         ... 0.03857217 0.         0.05513954]\n [0.09431111 0.         0.         ... 0.         0.09431111 0.13481924]\n [0.         0.         0.         ... 0.         0.         0.11393659]\n [0.         0.05697432 0.05697432 ... 0.         0.         0.13574285]]",
        "[[0.         0.         0.         ... 0.         0.         0.06409896]\n [0.         0.         0.         ... 0.03857217 0.         0.05513954]\n [0.09431111 0.         0.         ... 0.         0.09431111 0.13481924]\n [0.         0.         0.         ... 0.         0.         0.11393659]\n [0.         0.05697432 0.05697432 ... 0.         0.         0.13574285]]",
        "[[0.         0.         0.         ... 0.         0.         0.06409896]\n [0.         0.         0.         ... 0.03857217 0.         0.05513954]\n [0.09431111 0.         0.         ... 0.         0.09431111 0.13481924]\n [0.         0.         0.         ... 0.         0.         0.11393659]\n [0.         0.05697432 0.05697432 ... 0.         0.         0.13574285]]",
        "[[0.         0.         0.         ... 0.         0.         0.06409896]\n [0.         0.         0.         ... 0.03857217 0.         0.05513954]\n [0.09431111 0.         0.         ... 0.         0.09431111 0.13481924]\n [0.         0.         0.         ... 0.         0.         0.11393659]\n [0.         0.05697432 0.05697432 ... 0.         0.         0.13574285]]"
    ],
    "tf-idf_qc": [
        0,
        0,
        0,
        0,
        0
    ],
    "tf-idf_rc": [
        0,
        0,
        0,
        0,
        0
    ],
    "rougeL": 0.19385165075837446,
    "bleu": 0.0980157163045705
}