{
    "execution times": [
        41.83869957923889,
        10.96053171157837,
        16.225737810134888,
        16.126021146774292,
        18.06733012199402
    ],
    "avg execution time": 20.64366407394409,
    "tf-idf_qr": [
        "[[0.04922939 0.04922939 0.         ... 0.         0.         0.        ]\n [0.         0.         0.         ... 0.         0.         0.        ]\n [0.         0.         0.07886588 ... 0.         0.19088549 0.        ]\n [0.         0.         0.         ... 0.         0.         0.        ]\n [0.         0.         0.         ... 0.062548   0.05046333 0.062548  ]]",
        "[[0.04922939 0.04922939 0.         ... 0.         0.         0.        ]\n [0.         0.         0.         ... 0.         0.         0.        ]\n [0.         0.         0.07886588 ... 0.         0.19088549 0.        ]\n [0.         0.         0.         ... 0.         0.         0.        ]\n [0.         0.         0.         ... 0.062548   0.05046333 0.062548  ]]",
        "[[0.04922939 0.04922939 0.         ... 0.         0.         0.        ]\n [0.         0.         0.         ... 0.         0.         0.        ]\n [0.         0.         0.07886588 ... 0.         0.19088549 0.        ]\n [0.         0.         0.         ... 0.         0.         0.        ]\n [0.         0.         0.         ... 0.062548   0.05046333 0.062548  ]]",
        "[[0.04922939 0.04922939 0.         ... 0.         0.         0.        ]\n [0.         0.         0.         ... 0.         0.         0.        ]\n [0.         0.         0.07886588 ... 0.         0.19088549 0.        ]\n [0.         0.         0.         ... 0.         0.         0.        ]\n [0.         0.         0.         ... 0.062548   0.05046333 0.062548  ]]",
        "[[0.04922939 0.04922939 0.         ... 0.         0.         0.        ]\n [0.         0.         0.         ... 0.         0.         0.        ]\n [0.         0.         0.07886588 ... 0.         0.19088549 0.        ]\n [0.         0.         0.         ... 0.         0.         0.        ]\n [0.         0.         0.         ... 0.062548   0.05046333 0.062548  ]]"
    ],
    "tf-idf_qc": [
        0,
        0,
        0,
        0,
        0
    ],
    "tf-idf_rc": [
        0,
        0,
        0,
        0,
        0
    ],
    "rougeL": 0.19899596626248905,
    "bleu": 0.05811695642154426
}