{
    "execution times": [
        10.532421827316284,
        7.0344696044921875,
        7.952980995178223,
        7.0134923458099365,
        18.698891639709473
    ],
    "avg execution time": 10.246451282501221,
    "tf-idf_qr": [
        "[[0.         0.         0.         ... 0.         0.         0.        ]\n [0.         0.         0.22300943 ... 0.22300943 0.         0.08955227]\n [0.         0.13247968 0.04436159 ... 0.04436159 0.05344189 0.        ]\n [0.         0.         0.2019879  ... 0.2019879  0.         0.        ]\n [0.01916529 0.         0.         ... 0.         0.0927746  0.0927746 ]]",
        "[[0.         0.         0.         ... 0.         0.         0.        ]\n [0.         0.         0.22300943 ... 0.22300943 0.         0.08955227]\n [0.         0.13247968 0.04436159 ... 0.04436159 0.05344189 0.        ]\n [0.         0.         0.2019879  ... 0.2019879  0.         0.        ]\n [0.01916529 0.         0.         ... 0.         0.0927746  0.0927746 ]]",
        "[[0.         0.         0.         ... 0.         0.         0.        ]\n [0.         0.         0.22300943 ... 0.22300943 0.         0.08955227]\n [0.         0.13247968 0.04436159 ... 0.04436159 0.05344189 0.        ]\n [0.         0.         0.2019879  ... 0.2019879  0.         0.        ]\n [0.01916529 0.         0.         ... 0.         0.0927746  0.0927746 ]]",
        "[[0.         0.         0.         ... 0.         0.         0.        ]\n [0.         0.         0.22300943 ... 0.22300943 0.         0.08955227]\n [0.         0.13247968 0.04436159 ... 0.04436159 0.05344189 0.        ]\n [0.         0.         0.2019879  ... 0.2019879  0.         0.        ]\n [0.01916529 0.         0.         ... 0.         0.0927746  0.0927746 ]]",
        "[[0.         0.         0.         ... 0.         0.         0.        ]\n [0.         0.         0.22300943 ... 0.22300943 0.         0.08955227]\n [0.         0.13247968 0.04436159 ... 0.04436159 0.05344189 0.        ]\n [0.         0.         0.2019879  ... 0.2019879  0.         0.        ]\n [0.01916529 0.         0.         ... 0.         0.0927746  0.0927746 ]]"
    ],
    "tf-idf_qc": [
        0,
        0,
        0,
        0,
        0
    ],
    "tf-idf_rc": [
        0,
        0,
        0,
        0,
        0
    ]
}