{
    "execution times": [
        359.99573016166687,
        343.6558005809784,
        399.25350284576416,
        35.04438853263855,
        72.54566740989685
    ],
    "avg execution time": 242.09901790618898,
    "tf-idf_qr": [
        "[[0.         0.         0.         ... 0.         0.02735131 0.05838204]\n [0.         0.         0.         ... 0.         0.02987001 0.06375828]\n [0.         0.         0.         ... 0.         0.         0.0941162 ]\n [0.         0.         0.         ... 0.         0.         0.11356294]\n [0.06443249 0.06443249 0.06443249 ... 0.06443249 0.04315119 0.15351214]]",
        "[[0.         0.         0.         ... 0.         0.02735131 0.05838204]\n [0.         0.         0.         ... 0.         0.02987001 0.06375828]\n [0.         0.         0.         ... 0.         0.         0.0941162 ]\n [0.         0.         0.         ... 0.         0.         0.11356294]\n [0.06443249 0.06443249 0.06443249 ... 0.06443249 0.04315119 0.15351214]]",
        "[[0.         0.         0.         ... 0.         0.02735131 0.05838204]\n [0.         0.         0.         ... 0.         0.02987001 0.06375828]\n [0.         0.         0.         ... 0.         0.         0.0941162 ]\n [0.         0.         0.         ... 0.         0.         0.11356294]\n [0.06443249 0.06443249 0.06443249 ... 0.06443249 0.04315119 0.15351214]]",
        "[[0.         0.         0.         ... 0.         0.02735131 0.05838204]\n [0.         0.         0.         ... 0.         0.02987001 0.06375828]\n [0.         0.         0.         ... 0.         0.         0.0941162 ]\n [0.         0.         0.         ... 0.         0.         0.11356294]\n [0.06443249 0.06443249 0.06443249 ... 0.06443249 0.04315119 0.15351214]]",
        "[[0.         0.         0.         ... 0.         0.02735131 0.05838204]\n [0.         0.         0.         ... 0.         0.02987001 0.06375828]\n [0.         0.         0.         ... 0.         0.         0.0941162 ]\n [0.         0.         0.         ... 0.         0.         0.11356294]\n [0.06443249 0.06443249 0.06443249 ... 0.06443249 0.04315119 0.15351214]]"
    ],
    "tf-idf_qc": [
        0,
        0,
        0,
        0,
        0
    ],
    "tf-idf_rc": [
        0,
        0,
        0,
        0,
        0
    ],
    "rougeL": 0.1820328022538822,
    "bleu": 0.08184141673931199
}